{
  "total_epochs": 100,
  "best_val_loss": 1027.580810546875,
  "final_train_loss": 948.4320068359375,
  "final_val_loss": 1039.771728515625,
  "val_mae": "28.174824",
  "test_correlation": 0.2419653344618646,
  "training_history": [
    {
      "epoch": 25,
      "train_loss": 993.3985595703125,
      "val_loss": 1086.3836669921875,
      "val_mae": "28.800398",
      "correlation": 0.2578792540826146
    },
    {
      "epoch": 50,
      "train_loss": 965.90478515625,
      "val_loss": 1027.580810546875,
      "val_mae": "27.890423",
      "correlation": 0.199657622799092
    },
    {
      "epoch": 75,
      "train_loss": 1010.864501953125,
      "val_loss": 1148.7647705078125,
      "val_mae": "29.63908",
      "correlation": 0.1079024617234684
    },
    {
      "epoch": 100,
      "train_loss": 948.4320068359375,
      "val_loss": 1039.771728515625,
      "val_mae": "28.174824",
      "correlation": 0.1275540737763379
    }
  ],
  "best_model_path": "best_comprehensive_nn_2year_50epochs.pt",
  "epochs_without_improvement": 50,
  "early_stopped": true
}