{
  "neural_network": {
    "successful_predictions": 25,
    "mae": 0.22352948232607328,
    "rmse": 0.32290695714130696,
    "correlation": 0.668271826725959,
    "hit_rate": 0.84,
    "mean_predicted_return": 0.27982696228027343,
    "mean_actual_return": 0.09264371023356896,
    "prediction_bias": 0.18718325204670447,
    "top10_predicted_return": 0.27150766170397084,
    "top10_predicted_volatility": 0.19286524954849033,
    "top10_predicted_sharpe": 1.407758330438414,
    "top10_margin_of_safety_return": 0.27150766170397084,
    "top10_margin_of_safety_volatility": 0.19286524954849033,
    "top10_margin_of_safety_sharpe": 1.407758330438414,
    "equal_weight_return": 0.09264371206750478,
    "equal_weight_volatility": 0.2546653905523596,
    "equal_weight_sharpe": 0.36378603259188097
  },
  "dcf": {
    "successful_predictions": 21,
    "mae": 1.1484286254897178,
    "rmse": 1.9190633302734537,
    "correlation": -0.3560213516528891,
    "hit_rate": 0.38095238095238093,
    "mean_predicted_return": 0.7092987292388017,
    "mean_actual_return": 0.029433341727114325,
    "prediction_bias": 0.6798653875116873,
    "top10_predicted_return": -0.039986090196602604,
    "top10_predicted_volatility": 0.22569719778820457,
    "top10_predicted_sharpe": -0.1771669767655944,
    "top10_margin_of_safety_return": -0.039986090196602604,
    "top10_margin_of_safety_volatility": 0.22569719778820457,
    "top10_margin_of_safety_sharpe": -0.1771669767655944,
    "equal_weight_return": 0.02943334019572353,
    "equal_weight_volatility": 0.21935495725716866,
    "equal_weight_sharpe": 0.13418133131687696
  },
  "simple_ratios": {
    "successful_predictions": 25,
    "mae": 0.5280164112736734,
    "rmse": 0.6079685117740449,
    "correlation": -0.33716290596151416,
    "hit_rate": 0.28,
    "mean_predicted_return": -0.31059192129655394,
    "mean_actual_return": 0.09264371257554004,
    "prediction_bias": -0.403235633872094,
    "top10_predicted_return": 0.042156735512113394,
    "top10_predicted_volatility": 0.31414978182820846,
    "top10_predicted_sharpe": 0.13419310771689993,
    "top10_margin_of_safety_return": 0.042156735512113394,
    "top10_margin_of_safety_volatility": 0.31414978182820846,
    "top10_margin_of_safety_sharpe": 0.13419310771689993,
    "equal_weight_return": 0.09264370667983388,
    "equal_weight_volatility": 0.25466539210182465,
    "equal_weight_sharpe": 0.3637860092226096
  },
  "ensemble": {
    "successful_predictions": 25,
    "mae": 0.5126311816968224,
    "rmse": 0.5976366912965,
    "correlation": -0.4041237652395822,
    "hit_rate": 0.28,
    "mean_predicted_return": -0.3213253072054364,
    "mean_actual_return": 0.09264371021595653,
    "prediction_bias": -0.4139690174213929,
    "top10_predicted_return": 0.019975712843374367,
    "top10_predicted_volatility": 0.2902549774848014,
    "top10_predicted_sharpe": 0.06882125852405185,
    "top10_margin_of_safety_return": 0.019975712843374367,
    "top10_margin_of_safety_volatility": 0.2902549774848014,
    "top10_margin_of_safety_sharpe": 0.06882125852405185,
    "equal_weight_return": 0.09264370827883706,
    "equal_weight_volatility": 0.2546653930762723,
    "equal_weight_sharpe": 0.36378601410946426
  }
}